fichier;format;io;langue;dimensions;ko;secondes;image_de_secours;campagnes;url_de_clic
Static/IO1-Generac/PEI_IO1-Generac_FR_300x250.jpg;JPG;IO 1 – Generac (balise A);FR;300x250;36,7;;;RTA FR à 100 % + RTA FR à 50 %;https://www.poulinelectrique.com/generac-apercu?utm_source=evanov&utm_medium=display&utm_campaign=io1-generac-fr&utm_content=static-300x250
Static/IO1-Generac/PEI_IO1-Generac_FR_728x90.jpg;JPG;IO 1 – Generac (balise A);FR;728x90;32,3;;;RTA FR à 100 % + RTA FR à 50 %;https://www.poulinelectrique.com/generac-apercu?utm_source=evanov&utm_medium=display&utm_campaign=io1-generac-fr&utm_content=static-728x90
Static/IO1-Generac/PEI_IO1-Generac_FR_160x600.jpg;JPG;IO 1 – Generac (balise A);FR;160x600;44,3;;;RTA FR à 100 % + RTA FR à 50 %;https://www.poulinelectrique.com/generac-apercu?utm_source=evanov&utm_medium=display&utm_campaign=io1-generac-fr&utm_content=static-160x600
Static/IO1-Generac/PEI_IO1-Generac_FR_300x600.jpg;JPG;IO 1 – Generac (balise A);FR;300x600;70,0;;;RTA FR à 100 % + RTA FR à 50 %;https://www.poulinelectrique.com/generac-apercu?utm_source=evanov&utm_medium=display&utm_campaign=io1-generac-fr&utm_content=static-300x600
Static/IO1-Generac/PEI_IO1-Generac_FR_970x250.jpg;JPG;IO 1 – Generac (balise A);FR;970x250;83,4;;;RTA FR à 100 % + RTA FR à 50 %;https://www.poulinelectrique.com/generac-apercu?utm_source=evanov&utm_medium=display&utm_campaign=io1-generac-fr&utm_content=static-970x250
Static/IO1-Generac/PEI_IO1-Generac_FR_320x50.jpg;JPG;IO 1 – Generac (balise A);FR;320x50;10,0;;;RTA FR à 100 % + RTA FR à 50 %;https://www.poulinelectrique.com/generac-apercu?utm_source=evanov&utm_medium=display&utm_campaign=io1-generac-fr&utm_content=static-320x50
Static/IO1-Generac/PEI_IO1-Generac_EN_300x250.jpg;JPG;IO 1 – Generac (balise A);EN;300x250;35,5;;;RTA EN à 100 % + RTA EN à 50 %;https://en.poulinelectrique.com/generac-apercu?utm_source=evanov&utm_medium=display&utm_campaign=io1-generac-en&utm_content=static-300x250
Static/IO1-Generac/PEI_IO1-Generac_EN_728x90.jpg;JPG;IO 1 – Generac (balise A);EN;728x90;30,1;;;RTA EN à 100 % + RTA EN à 50 %;https://en.poulinelectrique.com/generac-apercu?utm_source=evanov&utm_medium=display&utm_campaign=io1-generac-en&utm_content=static-728x90
Static/IO1-Generac/PEI_IO1-Generac_EN_160x600.jpg;JPG;IO 1 – Generac (balise A);EN;160x600;41,1;;;RTA EN à 100 % + RTA EN à 50 %;https://en.poulinelectrique.com/generac-apercu?utm_source=evanov&utm_medium=display&utm_campaign=io1-generac-en&utm_content=static-160x600
Static/IO1-Generac/PEI_IO1-Generac_EN_300x600.jpg;JPG;IO 1 – Generac (balise A);EN;300x600;67,2;;;RTA EN à 100 % + RTA EN à 50 %;https://en.poulinelectrique.com/generac-apercu?utm_source=evanov&utm_medium=display&utm_campaign=io1-generac-en&utm_content=static-300x600
Static/IO1-Generac/PEI_IO1-Generac_EN_970x250.jpg;JPG;IO 1 – Generac (balise A);EN;970x250;79,2;;;RTA EN à 100 % + RTA EN à 50 %;https://en.poulinelectrique.com/generac-apercu?utm_source=evanov&utm_medium=display&utm_campaign=io1-generac-en&utm_content=static-970x250
Static/IO1-Generac/PEI_IO1-Generac_EN_320x50.jpg;JPG;IO 1 – Generac (balise A);EN;320x50;10,0;;;RTA EN à 100 % + RTA EN à 50 %;https://en.poulinelectrique.com/generac-apercu?utm_source=evanov&utm_medium=display&utm_campaign=io1-generac-en&utm_content=static-320x50
Static/IO2-Poulin/PEI_IO2-Poulin_FR_300x250.jpg;JPG;IO 2 – Poulin Électrique (balise B);FR;300x250;36,2;;;RTA FR à 100 % + RTA FR à 50 %;https://www.poulinelectrique.com/?utm_source=evanov&utm_medium=display&utm_campaign=io2-marque-fr&utm_content=static-300x250
Static/IO2-Poulin/PEI_IO2-Poulin_FR_728x90.jpg;JPG;IO 2 – Poulin Électrique (balise B);FR;728x90;34,6;;;RTA FR à 100 % + RTA FR à 50 %;https://www.poulinelectrique.com/?utm_source=evanov&utm_medium=display&utm_campaign=io2-marque-fr&utm_content=static-728x90
Static/IO2-Poulin/PEI_IO2-Poulin_FR_160x600.jpg;JPG;IO 2 – Poulin Électrique (balise B);FR;160x600;40,9;;;RTA FR à 100 % + RTA FR à 50 %;https://www.poulinelectrique.com/?utm_source=evanov&utm_medium=display&utm_campaign=io2-marque-fr&utm_content=static-160x600
Static/IO2-Poulin/PEI_IO2-Poulin_FR_300x600.jpg;JPG;IO 2 – Poulin Électrique (balise B);FR;300x600;84,4;;;RTA FR à 100 % + RTA FR à 50 %;https://www.poulinelectrique.com/?utm_source=evanov&utm_medium=display&utm_campaign=io2-marque-fr&utm_content=static-300x600
Static/IO2-Poulin/PEI_IO2-Poulin_FR_970x250.jpg;JPG;IO 2 – Poulin Électrique (balise B);FR;970x250;83,7;;;RTA FR à 100 % + RTA FR à 50 %;https://www.poulinelectrique.com/?utm_source=evanov&utm_medium=display&utm_campaign=io2-marque-fr&utm_content=static-970x250
Static/IO2-Poulin/PEI_IO2-Poulin_FR_320x50.jpg;JPG;IO 2 – Poulin Électrique (balise B);FR;320x50;9,2;;;RTA FR à 100 % + RTA FR à 50 %;https://www.poulinelectrique.com/?utm_source=evanov&utm_medium=display&utm_campaign=io2-marque-fr&utm_content=static-320x50
Static/IO2-Poulin/PEI_IO2-Poulin_EN_300x250.jpg;JPG;IO 2 – Poulin Électrique (balise B);EN;300x250;35,9;;;RTA EN à 100 % + RTA EN à 50 %;https://en.poulinelectrique.com/?utm_source=evanov&utm_medium=display&utm_campaign=io2-marque-en&utm_content=static-300x250
Static/IO2-Poulin/PEI_IO2-Poulin_EN_728x90.jpg;JPG;IO 2 – Poulin Électrique (balise B);EN;728x90;32,8;;;RTA EN à 100 % + RTA EN à 50 %;https://en.poulinelectrique.com/?utm_source=evanov&utm_medium=display&utm_campaign=io2-marque-en&utm_content=static-728x90
Static/IO2-Poulin/PEI_IO2-Poulin_EN_160x600.jpg;JPG;IO 2 – Poulin Électrique (balise B);EN;160x600;41,4;;;RTA EN à 100 % + RTA EN à 50 %;https://en.poulinelectrique.com/?utm_source=evanov&utm_medium=display&utm_campaign=io2-marque-en&utm_content=static-160x600
Static/IO2-Poulin/PEI_IO2-Poulin_EN_300x600.jpg;JPG;IO 2 – Poulin Électrique (balise B);EN;300x600;84,4;;;RTA EN à 100 % + RTA EN à 50 %;https://en.poulinelectrique.com/?utm_source=evanov&utm_medium=display&utm_campaign=io2-marque-en&utm_content=static-300x600
Static/IO2-Poulin/PEI_IO2-Poulin_EN_970x250.jpg;JPG;IO 2 – Poulin Électrique (balise B);EN;970x250;86,7;;;RTA EN à 100 % + RTA EN à 50 %;https://en.poulinelectrique.com/?utm_source=evanov&utm_medium=display&utm_campaign=io2-marque-en&utm_content=static-970x250
Static/IO2-Poulin/PEI_IO2-Poulin_EN_320x50.jpg;JPG;IO 2 – Poulin Électrique (balise B);EN;320x50;9,3;;;RTA EN à 100 % + RTA EN à 50 %;https://en.poulinelectrique.com/?utm_source=evanov&utm_medium=display&utm_campaign=io2-marque-en&utm_content=static-320x50
Video-MP4/IO1-Generac/PEI_IO1-Generac_FR_300x250.mp4;MP4 (H.264, sans son);IO 1 – Generac (balise A);FR;300x250;183,8;14,5;Static/IO1-Generac/PEI_IO1-Generac_FR_300x250.jpg;RTA FR à 100 % + RTA FR à 50 %;https://www.poulinelectrique.com/generac-apercu?utm_source=evanov&utm_medium=display&utm_campaign=io1-generac-fr&utm_content=video-300x250
Video-MP4/IO1-Generac/PEI_IO1-Generac_FR_728x90.mp4;MP4 (H.264, sans son);IO 1 – Generac (balise A);FR;728x90;184,6;14,5;Static/IO1-Generac/PEI_IO1-Generac_FR_728x90.jpg;RTA FR à 100 % + RTA FR à 50 %;https://www.poulinelectrique.com/generac-apercu?utm_source=evanov&utm_medium=display&utm_campaign=io1-generac-fr&utm_content=video-728x90
Video-MP4/IO1-Generac/PEI_IO1-Generac_FR_160x600.mp4;MP4 (H.264, sans son);IO 1 – Generac (balise A);FR;160x600;159,1;14,5;Static/IO1-Generac/PEI_IO1-Generac_FR_160x600.jpg;RTA FR à 100 % + RTA FR à 50 %;https://www.poulinelectrique.com/generac-apercu?utm_source=evanov&utm_medium=display&utm_campaign=io1-generac-fr&utm_content=video-160x600
Video-MP4/IO1-Generac/PEI_IO1-Generac_FR_300x600.mp4;MP4 (H.264, sans son);IO 1 – Generac (balise A);FR;300x600;174,0;14,5;Static/IO1-Generac/PEI_IO1-Generac_FR_300x600.jpg;RTA FR à 100 % + RTA FR à 50 %;https://www.poulinelectrique.com/generac-apercu?utm_source=evanov&utm_medium=display&utm_campaign=io1-generac-fr&utm_content=video-300x600
Video-MP4/IO1-Generac/PEI_IO1-Generac_FR_970x250.mp4;MP4 (H.264, sans son);IO 1 – Generac (balise A);FR;970x250;174,6;14,5;Static/IO1-Generac/PEI_IO1-Generac_FR_970x250.jpg;RTA FR à 100 % + RTA FR à 50 %;https://www.poulinelectrique.com/generac-apercu?utm_source=evanov&utm_medium=display&utm_campaign=io1-generac-fr&utm_content=video-970x250
Video-MP4/IO1-Generac/PEI_IO1-Generac_FR_320x50.mp4;MP4 (H.264, sans son);IO 1 – Generac (balise A);FR;320x50;49,7;14,5;Static/IO1-Generac/PEI_IO1-Generac_FR_320x50.jpg;RTA FR à 100 % + RTA FR à 50 %;https://www.poulinelectrique.com/generac-apercu?utm_source=evanov&utm_medium=display&utm_campaign=io1-generac-fr&utm_content=video-320x50
Video-MP4/IO1-Generac/PEI_IO1-Generac_EN_300x250.mp4;MP4 (H.264, sans son);IO 1 – Generac (balise A);EN;300x250;180,6;14,5;Static/IO1-Generac/PEI_IO1-Generac_EN_300x250.jpg;RTA EN à 100 % + RTA EN à 50 %;https://en.poulinelectrique.com/generac-apercu?utm_source=evanov&utm_medium=display&utm_campaign=io1-generac-en&utm_content=video-300x250
Video-MP4/IO1-Generac/PEI_IO1-Generac_EN_728x90.mp4;MP4 (H.264, sans son);IO 1 – Generac (balise A);EN;728x90;177,5;14,5;Static/IO1-Generac/PEI_IO1-Generac_EN_728x90.jpg;RTA EN à 100 % + RTA EN à 50 %;https://en.poulinelectrique.com/generac-apercu?utm_source=evanov&utm_medium=display&utm_campaign=io1-generac-en&utm_content=video-728x90
Video-MP4/IO1-Generac/PEI_IO1-Generac_EN_160x600.mp4;MP4 (H.264, sans son);IO 1 – Generac (balise A);EN;160x600;151,2;14,5;Static/IO1-Generac/PEI_IO1-Generac_EN_160x600.jpg;RTA EN à 100 % + RTA EN à 50 %;https://en.poulinelectrique.com/generac-apercu?utm_source=evanov&utm_medium=display&utm_campaign=io1-generac-en&utm_content=video-160x600
Video-MP4/IO1-Generac/PEI_IO1-Generac_EN_300x600.mp4;MP4 (H.264, sans son);IO 1 – Generac (balise A);EN;300x600;174,2;14,5;Static/IO1-Generac/PEI_IO1-Generac_EN_300x600.jpg;RTA EN à 100 % + RTA EN à 50 %;https://en.poulinelectrique.com/generac-apercu?utm_source=evanov&utm_medium=display&utm_campaign=io1-generac-en&utm_content=video-300x600
Video-MP4/IO1-Generac/PEI_IO1-Generac_EN_970x250.mp4;MP4 (H.264, sans son);IO 1 – Generac (balise A);EN;970x250;175,4;14,5;Static/IO1-Generac/PEI_IO1-Generac_EN_970x250.jpg;RTA EN à 100 % + RTA EN à 50 %;https://en.poulinelectrique.com/generac-apercu?utm_source=evanov&utm_medium=display&utm_campaign=io1-generac-en&utm_content=video-970x250
Video-MP4/IO1-Generac/PEI_IO1-Generac_EN_320x50.mp4;MP4 (H.264, sans son);IO 1 – Generac (balise A);EN;320x50;49,5;14,5;Static/IO1-Generac/PEI_IO1-Generac_EN_320x50.jpg;RTA EN à 100 % + RTA EN à 50 %;https://en.poulinelectrique.com/generac-apercu?utm_source=evanov&utm_medium=display&utm_campaign=io1-generac-en&utm_content=video-320x50
Video-MP4/IO2-Poulin/PEI_IO2-Poulin_FR_300x250.mp4;MP4 (H.264, sans son);IO 2 – Poulin Électrique (balise B);FR;300x250;175,7;14,5;Static/IO2-Poulin/PEI_IO2-Poulin_FR_300x250.jpg;RTA FR à 100 % + RTA FR à 50 %;https://www.poulinelectrique.com/?utm_source=evanov&utm_medium=display&utm_campaign=io2-marque-fr&utm_content=video-300x250
Video-MP4/IO2-Poulin/PEI_IO2-Poulin_FR_728x90.mp4;MP4 (H.264, sans son);IO 2 – Poulin Électrique (balise B);FR;728x90;150,2;14,5;Static/IO2-Poulin/PEI_IO2-Poulin_FR_728x90.jpg;RTA FR à 100 % + RTA FR à 50 %;https://www.poulinelectrique.com/?utm_source=evanov&utm_medium=display&utm_campaign=io2-marque-fr&utm_content=video-728x90
Video-MP4/IO2-Poulin/PEI_IO2-Poulin_FR_160x600.mp4;MP4 (H.264, sans son);IO 2 – Poulin Électrique (balise B);FR;160x600;188,8;14,5;Static/IO2-Poulin/PEI_IO2-Poulin_FR_160x600.jpg;RTA FR à 100 % + RTA FR à 50 %;https://www.poulinelectrique.com/?utm_source=evanov&utm_medium=display&utm_campaign=io2-marque-fr&utm_content=video-160x600
Video-MP4/IO2-Poulin/PEI_IO2-Poulin_FR_300x600.mp4;MP4 (H.264, sans son);IO 2 – Poulin Électrique (balise B);FR;300x600;187,2;14,5;Static/IO2-Poulin/PEI_IO2-Poulin_FR_300x600.jpg;RTA FR à 100 % + RTA FR à 50 %;https://www.poulinelectrique.com/?utm_source=evanov&utm_medium=display&utm_campaign=io2-marque-fr&utm_content=video-300x600
Video-MP4/IO2-Poulin/PEI_IO2-Poulin_FR_970x250.mp4;MP4 (H.264, sans son);IO 2 – Poulin Électrique (balise B);FR;970x250;189,2;14,5;Static/IO2-Poulin/PEI_IO2-Poulin_FR_970x250.jpg;RTA FR à 100 % + RTA FR à 50 %;https://www.poulinelectrique.com/?utm_source=evanov&utm_medium=display&utm_campaign=io2-marque-fr&utm_content=video-970x250
Video-MP4/IO2-Poulin/PEI_IO2-Poulin_FR_320x50.mp4;MP4 (H.264, sans son);IO 2 – Poulin Électrique (balise B);FR;320x50;39,0;14,5;Static/IO2-Poulin/PEI_IO2-Poulin_FR_320x50.jpg;RTA FR à 100 % + RTA FR à 50 %;https://www.poulinelectrique.com/?utm_source=evanov&utm_medium=display&utm_campaign=io2-marque-fr&utm_content=video-320x50
Video-MP4/IO2-Poulin/PEI_IO2-Poulin_EN_300x250.mp4;MP4 (H.264, sans son);IO 2 – Poulin Électrique (balise B);EN;300x250;174,0;14,5;Static/IO2-Poulin/PEI_IO2-Poulin_EN_300x250.jpg;RTA EN à 100 % + RTA EN à 50 %;https://en.poulinelectrique.com/?utm_source=evanov&utm_medium=display&utm_campaign=io2-marque-en&utm_content=video-300x250
Video-MP4/IO2-Poulin/PEI_IO2-Poulin_EN_728x90.mp4;MP4 (H.264, sans son);IO 2 – Poulin Électrique (balise B);EN;728x90;152,8;14,5;Static/IO2-Poulin/PEI_IO2-Poulin_EN_728x90.jpg;RTA EN à 100 % + RTA EN à 50 %;https://en.poulinelectrique.com/?utm_source=evanov&utm_medium=display&utm_campaign=io2-marque-en&utm_content=video-728x90
Video-MP4/IO2-Poulin/PEI_IO2-Poulin_EN_160x600.mp4;MP4 (H.264, sans son);IO 2 – Poulin Électrique (balise B);EN;160x600;188,7;14,5;Static/IO2-Poulin/PEI_IO2-Poulin_EN_160x600.jpg;RTA EN à 100 % + RTA EN à 50 %;https://en.poulinelectrique.com/?utm_source=evanov&utm_medium=display&utm_campaign=io2-marque-en&utm_content=video-160x600
Video-MP4/IO2-Poulin/PEI_IO2-Poulin_EN_300x600.mp4;MP4 (H.264, sans son);IO 2 – Poulin Électrique (balise B);EN;300x600;187,8;14,5;Static/IO2-Poulin/PEI_IO2-Poulin_EN_300x600.jpg;RTA EN à 100 % + RTA EN à 50 %;https://en.poulinelectrique.com/?utm_source=evanov&utm_medium=display&utm_campaign=io2-marque-en&utm_content=video-300x600
Video-MP4/IO2-Poulin/PEI_IO2-Poulin_EN_970x250.mp4;MP4 (H.264, sans son);IO 2 – Poulin Électrique (balise B);EN;970x250;189,6;14,5;Static/IO2-Poulin/PEI_IO2-Poulin_EN_970x250.jpg;RTA EN à 100 % + RTA EN à 50 %;https://en.poulinelectrique.com/?utm_source=evanov&utm_medium=display&utm_campaign=io2-marque-en&utm_content=video-970x250
Video-MP4/IO2-Poulin/PEI_IO2-Poulin_EN_320x50.mp4;MP4 (H.264, sans son);IO 2 – Poulin Électrique (balise B);EN;320x50;39,1;14,5;Static/IO2-Poulin/PEI_IO2-Poulin_EN_320x50.jpg;RTA EN à 100 % + RTA EN à 50 %;https://en.poulinelectrique.com/?utm_source=evanov&utm_medium=display&utm_campaign=io2-marque-en&utm_content=video-320x50
